                  epoch,         train/box_loss,         train/cls_loss,         train/dfl_loss,   metrics/precision(B),      metrics/recall(B),       metrics/mAP50(B),    metrics/mAP50-95(B),           val/box_loss,           val/cls_loss,           val/dfl_loss,                 lr/pg0,                 lr/pg1,                 lr/pg2
                      1,                0.48875,                0.25638,                0.78791,                0.88815,                 0.7955,                0.84183,                0.59891,                0.78765,                0.39213,                 0.8417,              5.712e-05,              5.712e-05,              5.712e-05
                      2,                 0.4895,                0.25587,                0.79166,                0.89624,                0.79443,                0.81657,                0.59253,                0.78616,                0.39427,                0.84112,             0.00012078,             0.00012078,             0.00012078
                      3,                0.51088,                 0.2626,                0.79568,                0.89943,                0.79767,                 0.8143,                0.59849,                0.78541,                0.39218,                0.84122,              0.0001838,              0.0001838,              0.0001838
                      4,                0.48537,                0.25404,                0.78888,                0.90353,                0.79622,                0.81718,                 0.5976,                0.78364,                0.39247,                0.83983,             0.00024619,             0.00024619,             0.00024619
                      5,                0.50687,                0.26155,                 0.7964,                0.87486,                0.78183,                0.81046,                 0.5987,                0.78754,                 0.4015,                0.83755,             0.00030794,             0.00030794,             0.00030794
                      6,                0.49777,                0.26192,                0.79335,                0.89081,                0.79915,                0.84234,                0.59985,                0.79838,                0.39599,                0.84109,             0.00036905,             0.00036905,             0.00036905
                      7,                0.52244,                0.27822,                0.79054,                 0.8489,                0.80648,                0.80449,                0.58619,                0.79079,                0.38917,                0.83901,             0.00042953,             0.00042953,             0.00042953
                      8,                0.49759,                0.26751,                0.79482,                0.86095,                0.80494,                0.79668,                 0.5882,                0.82353,                0.40854,                0.84615,             0.00048937,             0.00048937,             0.00048937
                      9,                0.51961,                0.27486,                0.79932,                0.95275,                0.72333,                0.77438,                0.57378,                0.81469,                0.40384,                0.84718,             0.00054858,             0.00054858,             0.00054858
                     10,                0.51199,                0.27164,                0.79276,                0.93883,                0.73899,                0.78808,                0.58987,                0.80416,                0.40466,                0.84075,             0.00060715,             0.00060715,             0.00060715
                     11,                 0.5184,                0.27494,                0.80099,                0.89833,                0.79852,                0.79349,                0.58983,                0.80294,                0.41644,                0.84584,             0.00066508,             0.00066508,             0.00066508
                     12,                0.54142,                0.28101,                0.79227,                0.89239,                0.78427,                0.81916,                0.60221,                0.81785,                0.42867,                0.84258,             0.00067512,             0.00067512,             0.00067512
                     13,                0.53568,                0.28281,                0.79392,                0.93878,                0.75866,                0.81284,                0.58571,                0.81263,                0.42477,                 0.8457,             0.00067159,             0.00067159,             0.00067159
                     14,                0.54545,                0.28534,                 0.7951,                0.90476,                0.77763,                0.79719,                0.58319,                0.81402,                0.42021,                0.84436,             0.00066805,             0.00066805,             0.00066805
                     15,                0.54785,                0.29029,                0.79022,                0.83309,                0.79814,                0.77542,                0.56909,                0.80782,                0.41884,                0.84456,             0.00066452,             0.00066452,             0.00066452
                     16,                0.53191,                0.28769,                0.79683,                0.90992,                0.72681,                0.78665,                0.58768,                0.79338,                0.40959,                0.84132,             0.00066099,             0.00066099,             0.00066099
                     17,                0.54309,                0.29096,                0.79479,                  0.908,                0.73653,                0.77612,                0.57734,                0.80543,                0.41283,                0.84387,             0.00065745,             0.00065745,             0.00065745
                     18,                0.53452,                0.28561,                0.79111,                0.87911,                0.78224,                0.78987,                0.58615,                0.81948,                0.41582,                0.84448,             0.00065392,             0.00065392,             0.00065392
                     19,                0.53121,                0.28272,                0.78841,                0.88488,                   0.79,                0.79362,                0.58333,                0.81896,                0.40243,                0.84659,             0.00065038,             0.00065038,             0.00065038
                     20,                0.54724,                0.28804,                0.79275,                0.84872,                0.76514,                0.80007,                0.57601,                0.84432,                0.41962,                0.84548,             0.00064685,             0.00064685,             0.00064685
                     21,                 0.5383,                0.28266,                0.79168,                0.85905,                0.79419,                 0.7944,                0.59367,                0.80378,                0.40828,                0.84197,             0.00064331,             0.00064331,             0.00064331
                     22,                0.54096,                0.27978,                 0.7871,                0.84064,                0.79207,                0.79983,                 0.5843,                 0.8017,                0.40626,                0.83978,             0.00063978,             0.00063978,             0.00063978
                     23,                0.52248,                0.27712,                0.79334,                0.92534,                0.77426,                0.82854,                0.60595,                0.80488,                0.40594,                0.84044,             0.00063625,             0.00063625,             0.00063625
                     24,                0.51712,                 0.2747,                0.79193,                0.90158,                0.77719,                0.78736,                0.58615,                0.80992,                0.40183,                0.84032,             0.00063271,             0.00063271,             0.00063271
                     25,                0.52971,                0.28201,                0.79149,                0.80145,                0.80399,                0.77512,                0.58744,                0.80338,                0.40486,                0.84128,             0.00062918,             0.00062918,             0.00062918
                     26,                0.53018,                0.27703,                0.79723,                0.90766,                 0.7124,                0.76738,                0.57969,                0.81295,                  0.417,                0.84256,             0.00062564,             0.00062564,             0.00062564
                     27,                0.53853,                0.28778,                0.79933,                0.95342,                0.73226,                0.77906,                0.59197,                0.79427,                0.40968,                0.83968,             0.00062211,             0.00062211,             0.00062211
                     28,                0.51528,                0.27847,                0.78517,                0.88613,                0.79924,                0.78559,                 0.5854,                0.81884,                0.42081,                0.84152,             0.00061857,             0.00061857,             0.00061857
                     29,                0.53372,                0.28992,                0.79532,                0.85363,                0.79806,                0.78583,                0.57741,                0.79961,                0.41917,                0.83901,             0.00061504,             0.00061504,             0.00061504
                     30,                 0.5316,                0.28601,                0.79436,                0.87303,                0.79226,                0.79013,                0.58425,                0.82588,                0.42172,                0.84136,             0.00061151,             0.00061151,             0.00061151
                     31,                0.54277,                0.28307,                0.79659,                0.84237,                0.79691,                0.78311,                0.58739,                0.81432,                 0.4097,                0.83874,             0.00060797,             0.00060797,             0.00060797
                     32,                0.53493,                0.28672,                0.79711,                0.83591,                0.78701,                0.79076,                0.58891,                0.78417,                0.40484,                0.83875,             0.00060444,             0.00060444,             0.00060444
                     33,                0.52268,                0.27322,                0.79715,                0.93641,                0.68728,                 0.7526,                0.55469,                 0.8197,                0.41184,                0.84362,              0.0006009,              0.0006009,              0.0006009
                     34,                 0.5002,                0.27103,                0.79038,                0.75885,                0.79635,                0.79129,                0.57935,                0.81317,                0.40201,                0.84392,             0.00059737,             0.00059737,             0.00059737
                     35,                 0.5225,                0.27638,                0.79094,                0.74536,                0.81111,                0.79972,                0.56777,                0.81821,                0.40945,                0.84619,             0.00059383,             0.00059383,             0.00059383
                     36,                0.54083,                0.28346,                0.79363,                0.93472,                0.74377,                0.77901,                 0.5737,                0.79012,                0.38899,                0.84251,              0.0005903,              0.0005903,              0.0005903
                     37,                0.52582,                0.27913,                0.79237,                0.92131,                 0.7437,                0.77854,                 0.5723,                0.80289,                0.40636,                0.84334,             0.00058677,             0.00058677,             0.00058677
                     38,                0.50154,                0.26829,                0.78595,                0.86084,                0.78746,                0.78319,                0.56966,                0.82943,                0.42189,                0.84652,             0.00058323,             0.00058323,             0.00058323
                     39,                 0.5222,                0.27272,                0.79545,                0.87429,                0.79631,                0.78395,                0.57718,                0.79684,                0.40805,                  0.841,              0.0005797,              0.0005797,              0.0005797
                     40,                0.53072,                0.27795,                0.79105,                 0.8717,                0.78714,                0.78122,                0.58052,                0.78792,                0.40874,                0.83687,             0.00057616,             0.00057616,             0.00057616
                     41,                0.51998,                0.28023,                  0.791,                0.79496,                0.80635,                0.79519,                0.58667,                0.80037,                0.40187,                0.84063,             0.00057263,             0.00057263,             0.00057263
                     42,                0.49573,                0.26627,                0.79032,                0.95132,                0.73744,                0.80412,                0.59587,                0.80684,                0.40282,                0.84188,             0.00056909,             0.00056909,             0.00056909
                     43,                0.52221,                0.27598,                0.79297,                0.79178,                0.79275,                 0.7951,                0.59109,                0.80567,                0.40172,                0.84399,             0.00056556,             0.00056556,             0.00056556
                     44,                0.49813,                0.27102,                0.79591,                0.81433,                0.80301,                0.80448,                0.61261,                 0.7864,                0.40086,                0.84116,             0.00056203,             0.00056203,             0.00056203
                     45,                 0.5174,                0.27688,                 0.7877,                0.88679,                0.79845,                0.79802,                0.60027,                0.78735,                0.39204,                0.84119,             0.00055849,             0.00055849,             0.00055849
                     46,                0.51792,                0.27258,                0.79184,                0.96447,                0.71211,                0.78452,                0.58586,                0.78635,                0.40347,                0.83913,             0.00055496,             0.00055496,             0.00055496
                     47,                0.50288,                0.26965,                0.78824,                0.80546,                0.74122,                0.78075,                0.59806,                 0.7927,                0.40469,                 0.8407,             0.00055142,             0.00055142,             0.00055142
                     48,                0.50688,                0.26924,                0.79127,                0.85834,                0.79743,                0.80225,                0.59708,                0.79793,                 0.3958,                0.83911,             0.00054789,             0.00054789,             0.00054789
                     49,                0.50094,                 0.2685,                 0.7999,                 0.7748,                0.79889,                0.79159,                 0.5929,                0.80095,                 0.4077,                0.83761,             0.00054435,             0.00054435,             0.00054435
                     50,                 0.5401,                0.27884,                 0.7981,                0.86482,                0.79805,                0.78774,                0.60447,                0.78463,                0.40457,                0.83507,             0.00054082,             0.00054082,             0.00054082
                     51,                0.48874,                0.26122,                0.78982,                0.88734,                0.79967,                0.79298,                0.60483,                0.79307,                0.40623,                0.84029,             0.00053728,             0.00053728,             0.00053728
                     52,                0.51538,                0.27239,                0.79084,                0.89123,                0.78706,                0.81558,                0.60141,                0.78721,                0.39104,                 0.8397,             0.00053375,             0.00053375,             0.00053375
                     53,                0.49719,                0.26683,                0.79045,                0.92148,                0.78211,                0.79827,                 0.6071,                0.79749,                0.40553,                0.83934,             0.00053022,             0.00053022,             0.00053022
                     54,                0.49548,                0.26829,                  0.785,                0.89064,                0.78504,                0.78534,                0.60569,                0.78799,                0.40116,                0.83865,             0.00052668,             0.00052668,             0.00052668
                     55,                0.51265,                0.26769,                0.79178,                 0.8544,                0.79878,                0.79127,                0.60173,                0.79034,                0.40068,                0.83918,             0.00052315,             0.00052315,             0.00052315
                     56,                0.49116,                0.26584,                0.78953,                0.90635,                0.73834,                 0.7896,                 0.6056,                 0.7803,                 0.4021,                0.83736,             0.00051961,             0.00051961,             0.00051961
                     57,                0.51176,                0.26919,                0.78996,                0.90034,                0.79104,                0.80961,                0.60366,                0.78492,                0.40628,                0.83726,             0.00051608,             0.00051608,             0.00051608
                     58,                0.51248,                0.27061,                0.79121,                0.88894,                0.73243,                0.77929,                0.58906,                0.77685,                 0.4008,                0.83673,             0.00051254,             0.00051254,             0.00051254
                     59,                0.50117,                0.26576,                0.79301,                0.86093,                0.74737,                 0.7848,                 0.5936,                0.78883,                0.40261,                0.84181,             0.00050901,             0.00050901,             0.00050901
                     60,                0.51496,                0.26799,                0.79358,                0.89745,                0.78993,                0.78032,                0.58435,                0.80231,                0.40526,                0.84556,             0.00050548,             0.00050548,             0.00050548
                     61,                0.49302,                 0.2617,                0.79102,                0.92392,                0.79623,                0.79657,                0.58576,                0.78499,                 0.4116,                0.83964,             0.00050194,             0.00050194,             0.00050194
                     62,                0.50476,                0.26428,                0.79067,                0.88133,                0.79334,                0.79664,                0.60093,                0.77736,                0.41457,                0.84086,             0.00049841,             0.00049841,             0.00049841
                     63,                0.49591,                0.26065,                0.78772,                0.90317,                0.73416,                0.78043,                0.58172,                 0.7958,                0.38592,                0.84351,             0.00049487,             0.00049487,             0.00049487
                     64,                0.49177,                0.25829,                0.79188,                0.88908,                 0.8021,                0.81013,                0.59107,                0.78578,                0.40983,                0.83725,             0.00049134,             0.00049134,             0.00049134
                     65,                0.50285,                0.26832,                0.78987,                0.93434,                0.73541,                0.78132,                0.59288,                0.79104,                0.40426,                0.84064,              0.0004878,              0.0004878,              0.0004878
                     66,                0.50004,                0.26267,                0.79276,                0.90114,                0.73643,                 0.7682,                 0.5791,                0.80709,                0.39779,                0.84089,             0.00048427,             0.00048427,             0.00048427
                     67,                0.48879,                0.25928,                0.79159,                0.91853,                0.72847,                0.78844,                0.59836,                 0.7889,                0.39046,                0.84082,             0.00048074,             0.00048074,             0.00048074
                     68,                0.48459,                0.25605,                0.78865,                0.92699,                0.75225,                0.79604,                0.61469,                0.77335,                0.38265,                0.83902,              0.0004772,              0.0004772,              0.0004772
                     69,                0.47475,                0.25352,                0.78718,                 0.8547,                0.80048,                0.82316,                0.61485,                0.80615,                0.39564,                0.84291,             0.00047367,             0.00047367,             0.00047367
                     70,                0.49364,                0.25904,                 0.7904,                0.83819,                0.75317,                0.80889,                0.61098,                0.78924,                0.39767,                0.83882,             0.00047013,             0.00047013,             0.00047013
                     71,                 0.4952,                0.26009,                0.79322,                0.81656,                0.74317,                 0.7861,                0.59196,                0.78718,                0.39958,                0.84088,              0.0004666,              0.0004666,              0.0004666
                     72,                0.49285,                0.26129,                 0.7889,                0.90099,                0.72632,                0.79549,                0.59147,                0.78385,                0.40032,                 0.8399,             0.00046306,             0.00046306,             0.00046306
                     73,                 0.5005,                 0.2627,                0.78837,                0.88405,                0.74474,                0.80325,                 0.5904,                0.79203,                0.39933,                0.84148,             0.00045953,             0.00045953,             0.00045953
                     74,                0.49523,                0.25984,                0.79269,                0.83938,                0.79844,                0.79125,                0.59034,                0.78911,                 0.3933,                0.84189,               0.000456,               0.000456,               0.000456
                     75,                0.49371,                0.25525,                0.78784,                0.87956,                0.74885,                0.79752,                0.58175,                0.79592,                0.38944,                0.84076,             0.00045246,             0.00045246,             0.00045246
                     76,                0.48058,                0.25328,                0.79129,                0.86952,                0.79977,                 0.7852,                0.58957,                0.77325,                0.38904,                0.83744,             0.00044893,             0.00044893,             0.00044893
                     77,                0.48392,                 0.2533,                0.78651,                0.87546,                0.73613,                0.79538,                0.59091,                0.80198,                0.39287,                0.84343,             0.00044539,             0.00044539,             0.00044539
                     78,                0.48655,                0.25723,                0.78865,                0.92681,                0.72752,                0.80187,                0.59595,                0.78971,                0.40052,                0.84227,             0.00044186,             0.00044186,             0.00044186
                     79,                0.48566,                0.25727,                0.79219,                0.82545,                0.81055,                0.79262,                0.58471,                 0.7873,                 0.3949,                0.84337,             0.00043832,             0.00043832,             0.00043832
                     80,                0.49777,                0.26048,                   0.79,                0.89911,                0.77952,                0.80341,                0.59658,                0.79658,                0.40298,                0.84096,             0.00043479,             0.00043479,             0.00043479
                     81,                0.47683,                0.25134,                0.78691,                0.88356,                0.77544,                 0.7894,                0.59345,                0.79864,                0.39372,                0.84232,             0.00043126,             0.00043126,             0.00043126
                     82,                0.47927,                0.25955,                0.78709,                0.78911,                0.79081,                0.78889,                0.59225,                0.78562,                0.38771,                 0.8396,             0.00042772,             0.00042772,             0.00042772
                     83,                0.47714,                0.25211,                0.78953,                0.87897,                0.77281,                0.80179,                0.58545,                0.80373,                0.39215,                0.84343,             0.00042419,             0.00042419,             0.00042419
                     84,                0.48023,                  0.254,                0.79178,                0.88965,                0.72416,                0.79766,                 0.5969,                0.77811,                 0.3988,                0.84017,             0.00042065,             0.00042065,             0.00042065
                     85,                0.48684,                0.25708,                0.79851,                0.85195,                0.75081,                0.78062,                0.57318,                0.78559,                0.39857,                 0.8414,             0.00041712,             0.00041712,             0.00041712
                     86,                0.47795,                0.25626,                 0.7928,                0.85397,                0.73333,                0.77385,                0.58534,                0.78986,                0.40067,                0.84055,             0.00041358,             0.00041358,             0.00041358
                     87,                0.47236,                0.25574,                0.78392,                0.93888,                0.72213,                0.78944,                0.58596,                0.79306,                0.39001,                0.83913,             0.00041005,             0.00041005,             0.00041005
                     88,                0.46268,                0.24794,                0.78885,                0.77401,                0.74269,                0.78097,                 0.5812,                0.79801,                0.39352,                 0.8403,             0.00040652,             0.00040652,             0.00040652
                     89,                0.48754,                0.25932,                0.78683,                0.94448,                0.74506,                0.79312,                0.58532,                0.79722,                0.39687,                0.84235,             0.00040298,             0.00040298,             0.00040298
                     90,                0.47169,                0.24721,                0.78512,                0.92386,                0.73267,                0.78925,                0.59638,                0.78933,                0.38888,                0.84208,             0.00039945,             0.00039945,             0.00039945
                     91,                0.46638,                0.24915,                0.79011,                0.95323,                0.70528,                0.77023,                0.58302,                0.80377,                0.40183,                0.84329,             0.00039591,             0.00039591,             0.00039591
                     92,                0.46845,                0.24723,                0.78471,                0.82799,                0.80394,                0.78152,                0.59641,                0.78546,                0.39593,                 0.8414,             0.00039238,             0.00039238,             0.00039238
                     93,                0.47424,                0.25005,                 0.7863,                0.82071,                0.79392,                0.79597,                0.58765,                 0.7866,                0.39366,                0.84248,             0.00038884,             0.00038884,             0.00038884
                     94,                0.47388,                0.25003,                0.78815,                0.77766,                0.81203,                0.82471,                0.59826,                 0.7988,                0.39676,                0.84414,             0.00038531,             0.00038531,             0.00038531
                     95,                0.46508,                0.24858,                0.78614,                0.92247,                0.79696,                0.83013,                0.59992,                0.78121,                0.38335,                0.84123,             0.00038178,             0.00038178,             0.00038178
                     96,                0.46166,                0.24396,                0.78785,                0.90835,                0.79706,                0.81287,                0.59223,                0.77488,                0.38213,                0.84062,             0.00037824,             0.00037824,             0.00037824
                     97,                0.46352,                0.24536,                  0.789,                0.89034,                0.75741,                0.79976,                0.58854,                0.77567,                0.38256,                0.84159,             0.00037471,             0.00037471,             0.00037471
                     98,                0.47299,                0.24553,                0.78719,                0.84873,                0.81988,                0.80616,                0.59952,                0.77746,                0.39249,                 0.8374,             0.00037117,             0.00037117,             0.00037117
                     99,                0.47859,                0.24726,                0.78862,                 0.8677,                0.75456,                 0.7982,                0.60113,                0.76848,                0.38393,                0.83541,             0.00036764,             0.00036764,             0.00036764
                    100,                0.46103,                0.24558,                0.78765,                0.93236,                0.73769,                0.78616,                0.58347,                 0.7848,                0.39844,                 0.8404,              0.0003641,              0.0003641,              0.0003641
                    101,                0.46846,                0.24331,                0.78898,                0.79931,                0.79588,                0.79491,                0.59267,                0.78604,                0.39953,                0.84002,             0.00036057,             0.00036057,             0.00036057
                    102,                0.47134,                 0.2558,                0.78966,                0.81055,                0.80226,                0.79824,                0.59932,                0.79559,                0.40205,                0.84375,             0.00035704,             0.00035704,             0.00035704
                    103,                0.44603,                0.24205,                0.78592,                0.84271,                0.75644,                0.78464,                 0.6021,                0.79011,                0.39991,                0.84215,              0.0003535,              0.0003535,              0.0003535
                    104,                0.44225,                0.24201,                0.78028,                0.83143,                0.75861,                0.78764,                0.60584,                0.79753,                0.39204,                0.84365,             0.00034997,             0.00034997,             0.00034997
                    105,                0.45965,                0.24399,                0.78878,                0.90721,                0.74795,                 0.7875,                0.60148,                0.79411,                0.39061,                0.84106,             0.00034643,             0.00034643,             0.00034643
                    106,                0.46137,                0.24585,                0.78422,                0.89643,                0.73704,                0.78191,                0.59563,                0.78234,                0.38981,                0.83841,              0.0003429,              0.0003429,              0.0003429
                    107,                0.45678,                0.24151,                0.78903,                0.85767,                0.74731,                0.77978,                0.59244,                0.78361,                0.38722,                0.83898,             0.00033936,             0.00033936,             0.00033936
                    108,                0.47192,                0.24834,                 0.7921,                0.89837,                0.74237,                0.78798,                0.59552,                0.78285,                0.38903,                0.83887,             0.00033583,             0.00033583,             0.00033583
                    109,                 0.4558,                0.24302,                0.78687,                0.85364,                0.74838,                0.79224,                0.60671,                 0.7799,                0.38849,                0.83759,              0.0003323,              0.0003323,              0.0003323
                    110,                0.44718,                0.23877,                0.78166,                0.85202,                0.73933,                0.77922,                 0.5961,                0.79126,                 0.3882,                0.83887,             0.00032876,             0.00032876,             0.00032876
                    111,                0.45655,                0.24306,                0.78494,                0.87877,                0.74566,                0.78213,                 0.6049,                0.78674,                0.38205,                0.83911,             0.00032523,             0.00032523,             0.00032523
                    112,                0.44784,                0.24316,                0.79093,                0.87732,                0.74971,                 0.7914,                0.59893,                0.79458,                0.38417,                0.84048,             0.00032169,             0.00032169,             0.00032169
                    113,                0.47222,                 0.2422,                0.79231,                0.88225,                0.74499,                0.78355,                0.60139,                0.78805,                0.38323,                0.83907,             0.00031816,             0.00031816,             0.00031816
                    114,                0.45253,                0.24114,                0.78625,                0.94465,                0.73799,                 0.7886,                0.60472,                0.77297,                0.38073,                0.83757,             0.00031462,             0.00031462,             0.00031462
                    115,                0.44521,                0.23627,                 0.7888,                0.94047,                0.72846,                0.78221,                0.60093,                0.77868,                0.38999,                0.83774,             0.00031109,             0.00031109,             0.00031109
                    116,                0.46284,                 0.2427,                0.78827,                0.93856,                0.74663,                0.78699,                0.60168,                0.79086,                0.39188,                0.83898,             0.00030756,             0.00030756,             0.00030756
                    117,                0.44899,                0.23738,                 0.7858,                0.80834,                0.80389,                0.82018,                 0.6041,                0.77803,                0.39341,                0.83653,             0.00030402,             0.00030402,             0.00030402
                    118,                0.45245,                0.24573,                0.78666,                0.93631,                0.73886,                0.78419,                0.59608,                0.77708,                0.38258,                0.83636,             0.00030049,             0.00030049,             0.00030049
                    119,                 0.4562,                0.24033,                0.79282,                0.84526,                0.79841,                0.78615,                 0.5903,                0.78412,                 0.3787,                0.83746,             0.00029695,             0.00029695,             0.00029695
                    120,                0.45358,                0.23968,                0.78938,                0.91499,                0.79379,                0.79765,                0.59684,                0.77738,                0.37685,                0.83842,             0.00029342,             0.00029342,             0.00029342
                    121,                0.45181,                0.24331,                0.78445,                0.89669,                0.79851,                0.79539,                0.60004,                0.78177,                0.37742,                0.83929,             0.00028988,             0.00028988,             0.00028988
                    122,                0.44956,                   0.24,                0.78436,                0.85224,                0.80032,                0.79461,                0.59613,                0.80205,                0.38328,                0.84185,             0.00028635,             0.00028635,             0.00028635
                    123,                0.45795,                0.24139,                0.78541,                0.85856,                 0.7992,                0.79132,                0.59731,                0.79113,                0.38475,                0.83985,             0.00028282,             0.00028282,             0.00028282
                    124,                0.43325,                0.23072,                0.78808,                0.81615,                0.79892,                0.78409,                0.60053,                0.78844,                0.39522,                0.83957,             0.00027928,             0.00027928,             0.00027928
                    125,                0.44818,                0.23555,                0.78536,                0.90814,                0.79295,                0.79774,                0.60262,                0.78305,                0.39533,                0.83748,             0.00027575,             0.00027575,             0.00027575
                    126,                0.43949,                0.23574,                0.78699,                0.91757,                0.78559,                0.80223,                0.60409,                0.78374,                0.39583,                0.83756,             0.00027221,             0.00027221,             0.00027221
                    127,                0.45076,                0.23939,                0.78659,                0.86876,                0.79334,                0.78312,                0.59688,                0.78381,                0.39491,                0.83823,             0.00026868,             0.00026868,             0.00026868
                    128,                0.44514,                0.23658,                0.78814,                0.81466,                0.79365,                0.78098,                0.59389,                0.77536,                0.38601,                0.83873,             0.00026514,             0.00026514,             0.00026514
                    129,                0.45021,                0.23672,                 0.7871,                 0.8806,                0.77899,                0.79118,                0.59668,                0.78543,                 0.3874,                 0.8388,             0.00026161,             0.00026161,             0.00026161
                    130,                0.43904,                 0.2316,                 0.7872,                0.80878,                0.79693,                0.78613,                0.58488,                0.79448,                0.38767,                0.83942,             0.00025808,             0.00025808,             0.00025808
                    131,                0.45576,                0.24121,                0.78443,                0.81297,                 0.7872,                0.78245,                0.58746,                0.79311,                0.38553,                0.84125,             0.00025454,             0.00025454,             0.00025454
                    132,                0.45413,                0.23884,                0.78568,                0.85636,                0.79805,                0.78082,                0.59017,                0.77623,                0.38896,                0.83765,             0.00025101,             0.00025101,             0.00025101
                    133,                0.44635,                0.23414,                0.78636,                0.88178,                0.79177,                0.78085,                0.59469,                0.78323,                0.38094,                0.83926,             0.00024747,             0.00024747,             0.00024747
                    134,                0.43855,                0.23136,                0.78789,                0.91176,                0.77132,                0.77899,                0.59125,                0.79811,                0.38451,                0.84227,             0.00024394,             0.00024394,             0.00024394
                    135,                0.45062,                0.23891,                0.78513,                0.79849,                 0.7776,                0.77337,                0.58774,                0.79466,                0.37769,                 0.8408,              0.0002404,              0.0002404,              0.0002404
                    136,                0.45144,                0.23789,                0.78814,                0.82141,                 0.7896,                0.77464,                0.58857,                0.78468,                0.38187,                0.84007,             0.00023687,             0.00023687,             0.00023687
                    137,                0.43062,                0.23051,                0.78301,                0.88075,                0.78592,                 0.7765,                0.59734,                0.76739,                0.37925,                0.83575,             0.00023334,             0.00023334,             0.00023334
                    138,                0.44814,                0.23515,                0.78439,                0.88202,                0.77803,                0.78669,                0.59209,                0.77208,                0.38707,                0.83542,              0.0002298,              0.0002298,              0.0002298
                    139,                 0.4546,                0.23875,                0.79091,                0.86777,                0.78535,                0.78055,                 0.5938,                0.77642,                0.39091,                0.83745,             0.00022627,             0.00022627,             0.00022627
                    140,                0.44626,                0.23515,                0.78747,                0.80554,                0.79155,                0.78302,                0.58845,                0.78117,                0.38976,                0.83967,             0.00022273,             0.00022273,             0.00022273
                    141,                0.44865,                0.23628,                0.78252,                0.79193,                0.78632,                0.78051,                0.58767,                0.79285,                0.39074,                0.84061,              0.0002192,              0.0002192,              0.0002192
                    142,                0.45054,                0.23847,                0.78984,                 0.7851,                0.79098,                0.78558,                0.59966,                0.78354,                0.38588,                0.83855,             0.00021566,             0.00021566,             0.00021566
                    143,                 0.4503,                0.23476,                0.78637,                0.79695,                 0.7892,                0.79274,                0.60149,                0.78346,                0.37688,                0.83947,             0.00021213,             0.00021213,             0.00021213
                    144,                0.43468,                0.22994,                0.78151,                0.81101,                0.80616,                 0.8045,                0.60951,                0.77888,                0.38283,                0.83692,              0.0002086,              0.0002086,              0.0002086
                    145,                 0.4291,                0.22833,                 0.7821,                0.80415,                0.80945,                 0.8009,                0.59861,                0.77937,                0.37583,                0.83633,             0.00020506,             0.00020506,             0.00020506
                    146,                0.44311,                0.24394,                0.78773,                0.80189,                0.79879,                0.78818,                0.58915,                0.77635,                0.37672,                0.83527,             0.00020153,             0.00020153,             0.00020153
                    147,                0.43739,                0.22748,                0.78865,                0.92479,                0.79186,                0.82527,                0.60327,                0.77364,                0.37765,                0.83577,             0.00019799,             0.00019799,             0.00019799
                    148,                0.43548,                0.23335,                0.78288,                0.90289,                0.79748,                0.82284,                0.60785,                0.77582,                 0.3734,                 0.8365,             0.00019446,             0.00019446,             0.00019446
                    149,                0.44301,                0.23359,                0.78444,                0.90021,                0.78998,                0.82031,                0.60168,                0.77307,                0.37769,                0.83567,             0.00019092,             0.00019092,             0.00019092
                    150,                0.44198,                0.22885,                0.78409,                0.83755,                0.79394,                0.79664,                0.59996,                0.77912,                0.37663,                 0.8364,             0.00018739,             0.00018739,             0.00018739
                    151,                0.45153,                0.24143,                0.79064,                0.84055,                 0.7944,                0.79417,                0.60606,                0.77242,                0.37291,                0.83512,             0.00018385,             0.00018385,             0.00018385
                    152,                0.44651,                0.23388,                 0.7901,                0.82148,                0.78722,                0.79277,                 0.5959,                0.77357,                0.37731,                0.83469,             0.00018032,             0.00018032,             0.00018032
                    153,                 0.4283,                0.22687,                0.79269,                0.81352,                0.78513,                0.81694,                0.60265,                0.77476,                0.38209,                0.83453,             0.00017679,             0.00017679,             0.00017679
                    154,                0.43289,                0.23202,                0.78021,                0.81013,                0.79295,                0.78476,                0.59502,                0.77779,                0.38535,                0.83468,             0.00017325,             0.00017325,             0.00017325
                    155,                0.43912,                0.22879,                0.78762,                0.80685,                 0.7934,                0.79563,                0.60334,                 0.7749,                0.38288,                 0.8339,             0.00016972,             0.00016972,             0.00016972
                    156,                0.43707,                0.23083,                0.78321,                0.90992,                0.78458,                0.81796,                0.60555,                0.77303,                0.37805,                0.83543,             0.00016618,             0.00016618,             0.00016618
                    157,                0.43846,                0.23252,                0.78537,                0.93428,                0.78037,                0.81727,                0.59307,                0.77561,                 0.3821,                0.83655,             0.00016265,             0.00016265,             0.00016265
                    158,                0.44323,                0.23244,                0.78509,                 0.9271,                0.77284,                0.81636,                0.58973,                0.78218,                0.38507,                0.83734,             0.00015911,             0.00015911,             0.00015911
                    159,                0.41463,                0.22242,                0.78506,                0.95199,                0.76737,                0.81716,                0.58617,                 0.7858,                0.38083,                0.83809,             0.00015558,             0.00015558,             0.00015558
                    160,                0.42935,                0.22991,                0.78056,                0.90859,                0.79052,                0.79476,                0.59424,                0.78306,                0.38199,                 0.8373,             0.00015205,             0.00015205,             0.00015205
                    161,                0.43498,                0.22934,                0.78185,                0.90272,                0.79077,                0.79299,                  0.586,                0.78022,                0.38352,                0.83606,             0.00014851,             0.00014851,             0.00014851
                    162,                 0.4297,                0.22525,                0.78777,                0.90547,                0.78254,                0.78864,                0.58317,                0.77833,                0.38328,                0.83649,             0.00014498,             0.00014498,             0.00014498
                    163,                0.41872,                0.22351,                0.78345,                0.90991,                0.79051,                0.79078,                0.58453,                0.77313,                0.38001,                0.83607,             0.00014144,             0.00014144,             0.00014144
                    164,                0.40655,                0.21949,                0.78182,                0.88736,                0.79007,                0.78925,                0.58891,                0.76769,                0.38005,                0.83602,             0.00013791,             0.00013791,             0.00013791
                    165,                0.44897,                0.23422,                0.78334,                0.89261,                0.79268,                0.78653,                0.57957,                 0.7655,                0.38183,                0.83559,             0.00013437,             0.00013437,             0.00013437
                    166,                 0.4247,                0.22786,                0.78419,                0.89282,                0.79354,                0.79055,                0.58813,                0.77401,                0.37594,                0.83751,             0.00013084,             0.00013084,             0.00013084
                    167,                0.42483,                0.22375,                0.78237,                 0.9155,                0.79329,                 0.7929,                0.59131,                0.77229,                0.37534,                0.83728,             0.00012731,             0.00012731,             0.00012731
                    168,                 0.4229,                0.22541,                 0.7818,                0.91288,                0.79662,                0.79469,                0.59043,                0.78368,                0.37891,                0.83922,             0.00012377,             0.00012377,             0.00012377
                    169,                0.42348,                0.22714,                0.78711,                0.91504,                0.79577,                0.79465,                0.59077,                 0.7714,                0.37407,                0.83782,             0.00012024,             0.00012024,             0.00012024
